MemberID,FirstName,LastName,MiddleInitial,Photograph
1,Donovan,Beche,Z,PhotoGraph
2,Klaus,Oliver,U,PhotoGraph
3,Nevile,Simek,A,PhotoGraph
4,Faulkner,Pillman,A,PhotoGraph
5,Kristi,McGraith,V,PhotoGraph
6,Allen,Wormald,V,PhotoGraph
7,Norene,Bruniges,S,PhotoGraph
8,Darb,Bramble,L,PhotoGraph
9,Prudence,Chartman,F,PhotoGraph
10,Daffy,Dillaway,C,PhotoGraph
11,Mickie,Daintrey,X,PhotoGraph
12,Nanette,Enrich,Q,PhotoGraph
13,Dorian,Hebblewhite,C,PhotoGraph
14,Flory,Verdie,Q,PhotoGraph
15,Ahmed,Gotthard.sf,G,PhotoGraph
16,Jacinda,Manby,T,PhotoGraph
17,Eleonore,Ashwell,E,PhotoGraph
18,Minnaminnie,Culleford,A,PhotoGraph
19,Tricia,Yukhnov,P,PhotoGraph
20,Keelby,Venditto,H,PhotoGraph
21,Ethan,Staden,G,PhotoGraph
22,Tasia,Laverack,P,PhotoGraph
23,Allison,Draayer,X,PhotoGraph
24,Brade,Twinbourne,I,PhotoGraph
25,Loreen,Waddilove,N,PhotoGraph
26,Ariella,Oakwood,O,PhotoGraph
27,Kristi,Hardiker,D,PhotoGraph
28,Josey,Prester,T,PhotoGraph
29,Geoff,Petrasek,T,PhotoGraph
30,Alano,Torrans,T,PhotoGraph
31,Arte,Caple,M,PhotoGraph
32,Doyle,Vasser,N,PhotoGraph
33,Reggi,Bryan,T,PhotoGraph
34,Aguistin,Londer,Y,PhotoGraph
35,Myrah,Labb,C,PhotoGraph
36,Brewster,MacGall,E,PhotoGraph
37,Robinet,Mellish,P,PhotoGraph
38,Alf,Willoughby,F,PhotoGraph
39,Leela,Erbain,A,PhotoGraph
40,Jamie,Hindhaugh,R,PhotoGraph
41,Demeter,Aris,R,PhotoGraph
42,Rennie,McCrow,T,PhotoGraph
43,Vito,Fountain,V,PhotoGraph
44,Eduardo,Bondesen,M,PhotoGraph
45,Rey,Grimble,C,PhotoGraph
46,Glenden,Starbeck,G,PhotoGraph
47,Marion,De Normanville,U,PhotoGraph
48,Corbet,Teers,R,PhotoGraph
49,Joby,Senechell,N,PhotoGraph
50,Alvina,Gianotti,N,PhotoGraph
51,Burr,Bosse,H,PhotoGraph
52,Felice,Deboy,Z,PhotoGraph
53,Davon,Aland,O,PhotoGraph
54,Rex,Motherwell,L,PhotoGraph
55,Ailina,Menichino,B,PhotoGraph
56,Darcy,Tilio,T,PhotoGraph
57,Danika,Fountian,P,PhotoGraph
58,Dareen,Noquet,I,PhotoGraph
59,Weidar,Glasard,T,PhotoGraph
60,Ilise,Dowman,S,PhotoGraph
61,Gabrila,Glowacha,M,PhotoGraph
62,Dianna,Pudge,C,PhotoGraph
63,Delbert,Whorall,C,PhotoGraph
64,Herman,Bonnier,R,PhotoGraph
65,Domingo,Seers,P,PhotoGraph
66,Anson,Handrahan,Q,PhotoGraph
67,Jacqui,Blincow,M,PhotoGraph
68,Sarine,O'Dowgaine,C,PhotoGraph
69,Lira,Devine,C,PhotoGraph
70,Natalya,Penley,Q,PhotoGraph
71,Fifine,Dolle,B,PhotoGraph
72,Ravi,Sergant,G,PhotoGraph
73,Tommie,Breslin,F,PhotoGraph
74,Lin,Birks,S,PhotoGraph
75,Eugenius,Atyea,D,PhotoGraph
76,Othilie,Baird,Y,PhotoGraph
77,Roldan,Lile,J,PhotoGraph
78,Prentiss,Hughlin,D,PhotoGraph
79,Zaneta,Atthow,Z,PhotoGraph
80,Napoleon,Fawdrey,I,PhotoGraph
81,Bernadette,Pembry,D,PhotoGraph
82,Gael,Geldart,F,PhotoGraph
83,Bethany,Pelos,G,PhotoGraph
84,Vyky,Hudd,W,PhotoGraph
85,Maegan,Lovat,X,PhotoGraph
86,Wright,Rawstorne,P,PhotoGraph
87,Deina,Greystock,T,PhotoGraph
88,Greggory,Soughton,N,PhotoGraph
89,Kevin,Shemwell,T,PhotoGraph
90,Verne,McKibben,V,PhotoGraph
91,Merell,Baldung,D,PhotoGraph
92,Evanne,Pennone,L,PhotoGraph
93,Veda,Duhig,F,PhotoGraph
94,Janaya,Fitchell,V,PhotoGraph
95,Dud,Brame,O,PhotoGraph
96,Vergil,Franklen,E,PhotoGraph
97,Heloise,McGinley,K,PhotoGraph
98,Zondra,Varfolomeev,Y,PhotoGraph
99,Violante,Bishopp,T,PhotoGraph
100,Correy,Oblein,N,PhotoGraph
101,Shir,Berrane,Y,PhotoGraph
102,Zena,Ratnege,Q,PhotoGraph
103,Rancell,Hedau,S,PhotoGraph
104,Mead,Liptrod,L,PhotoGraph
105,Haydon,Jenson,F,PhotoGraph
106,Philly,Murtell,G,PhotoGraph
107,Ignatius,Peteri,J,PhotoGraph
108,Gran,Arthey,M,PhotoGraph
109,Tonie,Horning,O,PhotoGraph
110,Neilla,Danser,E,PhotoGraph
111,Julio,Moy,I,PhotoGraph
112,Jack,Kruschev,H,PhotoGraph
113,Rhett,Scurman,B,PhotoGraph
114,Geno,Lode,I,PhotoGraph
115,Adolf,Malitrott,W,PhotoGraph
116,Roberto,Woolager,O,PhotoGraph
117,Lisha,Vannar,G,PhotoGraph
118,Willie,Turl,L,PhotoGraph
119,Vally,Allso,B,PhotoGraph
120,Marcelo,Edess,U,PhotoGraph
121,Correy,Matterface,H,PhotoGraph
122,Bart,O'Boyle,Q,PhotoGraph
123,Talia,Gallone,A,PhotoGraph
124,Bendix,Lots,I,PhotoGraph
125,Fernande,Powell,M,PhotoGraph
126,Lorri,Koubu,E,PhotoGraph
127,Lenna,Pretious,Z,PhotoGraph
128,Artur,Tuffs,I,PhotoGraph
129,Tiffie,Pescott,T,PhotoGraph
130,Lisetta,Tommei,Z,PhotoGraph
131,Sylvan,Crellim,Y,PhotoGraph
132,Dieter,Dodding,H,PhotoGraph
133,Pietrek,Novotna,X,PhotoGraph
134,Cosette,Bricham,B,PhotoGraph
135,Antoinette,Tommasuzzi,H,PhotoGraph
136,Laird,Aupol,A,PhotoGraph
137,Antony,Tomkinson,Y,PhotoGraph
138,Lotti,Corey,K,PhotoGraph
139,Norma,Birks,J,PhotoGraph
140,Alexandrina,Tillot,F,PhotoGraph
141,Leanor,Houlaghan,P,PhotoGraph
142,Diego,Bernaciak,B,PhotoGraph
143,Karilynn,Colquite,V,PhotoGraph
144,Nanon,Drewell,T,PhotoGraph
145,Bennie,Biaggiotti,S,PhotoGraph
146,Joey,Mcwhinnie,Z,PhotoGraph
147,Madel,Chezier,W,PhotoGraph
148,Durward,Paolucci,T,PhotoGraph
149,Hubie,Rucklesse,B,PhotoGraph
150,Maxim,Harrap,K,PhotoGraph
151,Reuben,Perrott,Q,PhotoGraph
152,Ric,Ferrers,X,PhotoGraph
153,Meyer,Beckensall,G,PhotoGraph
154,Gypsy,Venneur,N,PhotoGraph
155,Ethelin,Overil,Y,PhotoGraph
156,Cori,Blacksell,W,PhotoGraph
157,Genny,Longfellow,X,PhotoGraph
158,Gabriell,Rosenau,P,PhotoGraph
159,Margo,Reams,Y,PhotoGraph
160,Odetta,Frammingham,F,PhotoGraph
161,Mariam,Woodruffe,F,PhotoGraph
162,Wade,Glidder,R,PhotoGraph
163,Estrella,Saines,U,PhotoGraph
164,Maddy,McCalum,D,PhotoGraph
165,Merill,Selman,W,PhotoGraph
166,Dodi,Gelderd,S,PhotoGraph
167,Dody,Strangeways,W,PhotoGraph
168,Monty,Beccero,O,PhotoGraph
169,Tibold,Wincott,U,PhotoGraph
170,Packston,Boon,H,PhotoGraph
171,Saundra,Villiers,D,PhotoGraph
172,Sergent,Dungate,J,PhotoGraph
173,Timmi,Matussevich,M,PhotoGraph
174,Noami,Smitheman,Z,PhotoGraph
175,Regan,Linton,D,PhotoGraph
176,Grethel,Blowfield,I,PhotoGraph
177,Lauretta,Lindro,Y,PhotoGraph
178,Vanessa,Kaszper,X,PhotoGraph
179,Margeaux,Armsden,Z,PhotoGraph
180,Joyann,Sergent,A,PhotoGraph
181,Billye,Siehard,R,PhotoGraph
182,Muffin,Falkus,G,PhotoGraph
183,Hube,Dechelette,N,PhotoGraph
184,Alick,Seemmonds,H,PhotoGraph
185,Dedie,Fullegar,P,PhotoGraph
186,Martica,Teers,W,PhotoGraph
187,Ban,Kyttor,I,PhotoGraph
188,Walt,Domoni,I,PhotoGraph
189,Petronilla,MacRanald,Y,PhotoGraph
190,Jimmie,Saich,P,PhotoGraph
191,Dela,Zecchi,I,PhotoGraph
192,Fiona,Gillinghams,M,PhotoGraph
193,Ermentrude,McKeighan,I,PhotoGraph
194,Paige,Tallow,Z,PhotoGraph
195,Faye,Meegan,J,PhotoGraph
196,Llywellyn,Ducker,Y,PhotoGraph
197,Stephen,Montrose,Y,PhotoGraph
198,Shirlene,Cloney,V,PhotoGraph
199,Ossie,Sansom,W,PhotoGraph
200,Phillis,Falkous,U,PhotoGraph
201,Merell,Peile,M,PhotoGraph
202,Ava,Andrys,Q,PhotoGraph
203,Adrea,Clayhill,S,PhotoGraph
204,Natalina,Abrahart,H,PhotoGraph
205,Lauree,Epton,G,PhotoGraph
206,Stanislaw,Reisenstein,B,PhotoGraph
207,Freida,Matis,A,PhotoGraph
208,Carleen,Boog,J,PhotoGraph
209,Ole,Sandom,N,PhotoGraph
210,Holli,Harriman,D,PhotoGraph
211,Garv,Bernardes,G,PhotoGraph
212,Domenico,Greenroad,P,PhotoGraph
213,Berta,Biglin,N,PhotoGraph
214,Barrie,Toby,Y,PhotoGraph
215,Leia,Rupke,Q,PhotoGraph
216,Gilly,Satchel,B,PhotoGraph
217,Wilfred,Fothergill,F,PhotoGraph
218,Gray,Lowers,D,PhotoGraph
219,Wendie,Lesper,A,PhotoGraph
220,Jessalin,Zukerman,A,PhotoGraph
221,Carlin,Humberstone,L,PhotoGraph
222,Flint,Edwicke,I,PhotoGraph
223,Elfrieda,Romanelli,U,PhotoGraph
224,Lenette,Carreyette,V,PhotoGraph
225,Coral,Castri,S,PhotoGraph
226,Therine,Sedgman,J,PhotoGraph
227,Hestia,Baynton,O,PhotoGraph
228,Patrice,Cowden,Z,PhotoGraph
229,Letitia,Maysor,N,PhotoGraph
230,Cass,Kitching,N,PhotoGraph
231,Josh,Buncom,Q,PhotoGraph
232,Flore,Emerson,Y,PhotoGraph
233,Kennedy,Jeanes,M,PhotoGraph
234,Rebe,Denidge,I,PhotoGraph
235,Adiana,Cowles,Z,PhotoGraph
236,Averyl,Leeves,O,PhotoGraph
237,Lisa,Blackbourn,O,PhotoGraph
238,Alie,Kenner,F,PhotoGraph
239,Daisie,Lasty,N,PhotoGraph
240,Elfie,Orrill,O,PhotoGraph
241,Deonne,Jori,T,PhotoGraph
242,Faina,Byers,O,PhotoGraph
243,Ulick,Grindlay,X,PhotoGraph
244,Marley,Aherne,W,PhotoGraph
245,Dorene,Barszczewski,M,PhotoGraph
246,Ricoriki,Diamant,G,PhotoGraph
247,Karlen,Syres,P,PhotoGraph
248,Ashlie,Barnson,P,PhotoGraph
249,Karlee,Vanelli,A,PhotoGraph
250,Miguelita,Muselli,W,PhotoGraph
251,Spence,Wolfinger,D,PhotoGraph
252,Sandy,Sherlock,V,PhotoGraph
253,Sharia,Barnson,S,PhotoGraph
254,Marlo,Ruske,H,PhotoGraph
255,Erda,Edmundson,B,PhotoGraph
256,Seka,Rockwell,L,PhotoGraph
257,Miquela,Tomblett,R,PhotoGraph
258,Yolande,Duguid,C,PhotoGraph
259,Cara,Fossord,Z,PhotoGraph
260,Xaviera,Lochead,X,PhotoGraph
261,Claudetta,Schops,C,PhotoGraph
262,Blisse,De Ruel,W,PhotoGraph
263,Aurlie,Mitchener,D,PhotoGraph
264,Ginevra,Berens,K,PhotoGraph
265,Hiram,Keuneke,V,PhotoGraph
266,Antonio,Bottrell,O,PhotoGraph
267,Bret,O' Bee,C,PhotoGraph
268,Velma,Peek,O,PhotoGraph
269,Mitchael,Albany,A,PhotoGraph
270,Brinn,Stoppe,O,PhotoGraph
271,Avril,Udall,L,PhotoGraph
272,Gerhardine,Meak,P,PhotoGraph
273,Byram,Gollop,V,PhotoGraph
274,Janis,Wolfit,Q,PhotoGraph
275,Neville,Kryska,Y,PhotoGraph
276,Jarred,Hundell,G,PhotoGraph
277,Frederico,O'Leagham,F,PhotoGraph
278,Ursola,Jess,C,PhotoGraph
279,Gerhardt,MacCracken,X,PhotoGraph
280,Glenine,Treat,R,PhotoGraph
281,Leonidas,Cobleigh,U,PhotoGraph
282,Constantina,McClure,I,PhotoGraph
283,Linzy,Sandells,X,PhotoGraph
284,Babita,Grassin,B,PhotoGraph
285,Raf,De Bell,D,PhotoGraph
286,Hansiain,Dowthwaite,P,PhotoGraph
287,Maurizio,McQuilkin,O,PhotoGraph
288,Dalila,Masters,G,PhotoGraph
289,Theressa,McQuillen,N,PhotoGraph
290,Earvin,Arnull,A,PhotoGraph
291,Jacquelin,Sturror,U,PhotoGraph
292,Pippy,Tulk,G,PhotoGraph
293,Otho,Klauber,Q,PhotoGraph
294,Krystal,Rafferty,G,PhotoGraph
295,Justinn,Weems,W,PhotoGraph
296,Roland,Nightingale,F,PhotoGraph
297,Alfy,Severn,X,PhotoGraph
298,Kathy,de Castelain,S,PhotoGraph
299,Carey,Ormonde,Q,PhotoGraph
300,Sonnie,Geram,H,PhotoGraph
301,Keene,Sayles,O,PhotoGraph
302,Ferrell,Crumbleholme,X,PhotoGraph
303,Sascha,Parfrey,Q,PhotoGraph
304,Ina,Huck,T,PhotoGraph
305,Daryl,Grindrod,V,PhotoGraph
306,Fayre,Dufall,D,PhotoGraph
307,Hastie,Skillicorn,A,PhotoGraph
308,Dominic,Waberer,R,PhotoGraph
309,Rodrique,Valentelli,D,PhotoGraph
310,Patti,Featherstonhalgh,Z,PhotoGraph
311,Lilah,Fancett,W,PhotoGraph
312,Godart,Broster,M,PhotoGraph
313,Lindsay,Yusupov,W,PhotoGraph
314,Aaron,Monget,T,PhotoGraph
315,Laura,Ducroe,Z,PhotoGraph
316,Arabel,Troni,U,PhotoGraph
317,Bili,Sterke,R,PhotoGraph
318,Craig,Malt,U,PhotoGraph
319,Nan,Corkill,H,PhotoGraph
320,Aguistin,Baugh,U,PhotoGraph
321,Rosene,Sterzaker,J,PhotoGraph
322,Rodi,Hackforth,L,PhotoGraph
323,Emily,Croux,T,PhotoGraph
324,Aretha,McComas,A,PhotoGraph
325,Tomasina,Swithenby,W,PhotoGraph
326,Laurena,Fernanando,O,PhotoGraph
327,Garrott,Arling,Z,PhotoGraph
328,Dagmar,Fotitt,S,PhotoGraph
329,Vivyan,Gogay,O,PhotoGraph
330,Dewitt,Blacksland,N,PhotoGraph
331,Nicoline,Onions,K,PhotoGraph
332,Mariya,Mateiko,J,PhotoGraph
333,Faina,Fahrenbach,H,PhotoGraph
334,Hardy,Burkman,C,PhotoGraph
335,Jaquith,Connal,L,PhotoGraph
336,Berget,McDougald,D,PhotoGraph
337,Talia,Brewin,H,PhotoGraph
338,Almira,Moggie,F,PhotoGraph
339,Dag,MacDonagh,G,PhotoGraph
340,Morgan,De Simone,G,PhotoGraph
341,Fred,Weld,I,PhotoGraph
342,Christiano,Dies,A,PhotoGraph
343,Kerwin,Haste,D,PhotoGraph
344,Sher,Larret,K,PhotoGraph
345,Neddie,Crich,R,PhotoGraph
346,Hersh,Saile,R,PhotoGraph
347,Ethelind,Digby,E,PhotoGraph
348,Myles,Amer,Q,PhotoGraph
349,Guillemette,De Gregario,E,PhotoGraph
350,Jilli,Vivian,Y,PhotoGraph
351,Harlene,Jenking,A,PhotoGraph
352,Loria,Wallis,X,PhotoGraph
353,Aggi,Batterson,L,PhotoGraph
354,Yuri,Aingel,Q,PhotoGraph
355,Dermot,McVeighty,O,PhotoGraph
356,Nicky,Crolly,N,PhotoGraph
357,Micheal,Chappelow,Q,PhotoGraph
358,Natka,Fountain,Z,PhotoGraph
359,Wiatt,Cazin,P,PhotoGraph
360,Stella,Thornley,Z,PhotoGraph
361,Elisha,Abbison,U,PhotoGraph
362,Ivory,Hedan,A,PhotoGraph
363,Leda,Carslaw,N,PhotoGraph
364,Hunfredo,Sweett,C,PhotoGraph
365,Shandra,Burstow,P,PhotoGraph
366,Gerrilee,Harry,E,PhotoGraph
367,Jens,Goullee,E,PhotoGraph
368,Felicle,Yarr,M,PhotoGraph
369,Oren,Harman,V,PhotoGraph
370,Parke,Ortas,L,PhotoGraph
371,Gretel,Dunklee,S,PhotoGraph
372,Rory,Jaksic,W,PhotoGraph
373,Shel,Stennard,D,PhotoGraph
374,Mirella,Daltry,V,PhotoGraph
375,Nikolaus,Rekes,V,PhotoGraph
376,Dunc,Lucius,U,PhotoGraph
377,Bevan,Jessep,C,PhotoGraph
378,Bonni,Rosenzveig,P,PhotoGraph
379,Reggy,Biaggioli,V,PhotoGraph
380,Ninnette,Duiged,T,PhotoGraph
381,Justinn,Kupisz,H,PhotoGraph
382,Stavro,Shirlaw,Y,PhotoGraph
383,Mathe,Laste,D,PhotoGraph
384,Tobey,Cluelow,G,PhotoGraph
385,Pyotr,Kindleside,Q,PhotoGraph
386,Hal,Krienke,B,PhotoGraph
387,Kathleen,Scandroot,T,PhotoGraph
388,Dionysus,McCreery,D,PhotoGraph
389,Dusty,Stuchburie,C,PhotoGraph
390,Deidre,Hiddy,F,PhotoGraph
391,Karim,Elstow,M,PhotoGraph
392,Cirilo,Swett,B,PhotoGraph
393,Sully,Llewelyn,U,PhotoGraph
394,Phyllis,Mungan,X,PhotoGraph
395,Sonnie,Matveyev,T,PhotoGraph
396,Woody,Havard,P,PhotoGraph
397,Nike,Heugel,T,PhotoGraph
398,Bartholomeo,Lawty,Z,PhotoGraph
399,Virgilio,Teasdale-Markie,L,PhotoGraph
400,Judi,Jotcham,T,PhotoGraph
401,Cortie,Bowick,Q,PhotoGraph
402,Rina,McTrustie,Q,PhotoGraph
403,Janelle,Pothbury,H,PhotoGraph
404,Ellynn,Radolf,E,PhotoGraph
405,Clareta,Adame,V,PhotoGraph
406,Colline,Goodbairn,C,PhotoGraph
407,Verina,Duckett,H,PhotoGraph
408,Fernandina,Disbrey,L,PhotoGraph
409,Rivi,Coushe,C,PhotoGraph
410,Giuseppe,Floodgate,D,PhotoGraph
411,Ardeen,Lazenby,E,PhotoGraph
412,Anette,Szantho,Z,PhotoGraph
413,Phillie,Kenan,J,PhotoGraph
414,Ranique,Boarer,U,PhotoGraph
415,Bernette,Butter,I,PhotoGraph
416,Julia,Zamudio,F,PhotoGraph
417,Wenda,Izaks,W,PhotoGraph
418,Romeo,de Courcy,M,PhotoGraph
419,Foster,Judkins,D,PhotoGraph
420,Taddeo,Weekland,U,PhotoGraph
421,Margette,Allibon,W,PhotoGraph
422,Giffie,Scanlan,R,PhotoGraph
423,Packston,Sherwill,J,PhotoGraph
424,Gert,Gorbell,H,PhotoGraph
425,Melisenda,Pankettman,Y,PhotoGraph
426,Domeniga,Spadotto,N,PhotoGraph
427,Patrice,Ribey,K,PhotoGraph
428,Gweneth,Brookson,H,PhotoGraph
429,Orville,Durnford,B,PhotoGraph
430,Shawn,Fillis,W,PhotoGraph
431,Norina,Eykelbosch,Y,PhotoGraph
432,Gizela,Lere,O,PhotoGraph
433,Samara,Janes,P,PhotoGraph
434,Junina,Wheatman,D,PhotoGraph
435,Sterling,Cobbing,Q,PhotoGraph
436,Lorry,Inold,K,PhotoGraph
437,Lida,Reyne,A,PhotoGraph
438,Stuart,Vaar,Z,PhotoGraph
439,Letizia,Aiskovitch,B,PhotoGraph
440,Violette,Marshall,U,PhotoGraph
441,Felike,Stain,R,PhotoGraph
442,Dallon,Spoward,R,PhotoGraph
443,Dorree,Stittle,K,PhotoGraph
444,Baillie,Hullah,D,PhotoGraph
445,Dorian,Beards,M,PhotoGraph
446,Coralyn,Keeley,M,PhotoGraph
447,Ricoriki,Aspden,Q,PhotoGraph
448,Alphard,Yearron,W,PhotoGraph
449,Gaspar,Courtman,B,PhotoGraph
450,Claresta,Bellows,Z,PhotoGraph
451,Corabelle,Cudd,J,PhotoGraph
452,Bendicty,Downes,Y,PhotoGraph
453,Hamlin,Benyan,U,PhotoGraph
454,Tresa,Fortman,D,PhotoGraph
455,Jennilee,Ellicock,U,PhotoGraph
456,Paquito,Girhard,F,PhotoGraph
457,Dante,Kordt,I,PhotoGraph
458,Joella,Lukock,M,PhotoGraph
459,Jermayne,Harbar,I,PhotoGraph
460,Alameda,Coase,D,PhotoGraph
461,Dani,Piscot,C,PhotoGraph
462,Paolo,Cabrales,Q,PhotoGraph
463,Andrei,Twinborne,G,PhotoGraph
464,Celinka,Costell,P,PhotoGraph
465,Catherin,Gillaspy,W,PhotoGraph
466,Rosene,Piotrowski,J,PhotoGraph
467,Carlie,O'Gormally,Q,PhotoGraph
468,Dona,Richens,M,PhotoGraph
469,Carrie,Borley,F,PhotoGraph
470,Barbette,Ridges,J,PhotoGraph
471,Fifi,Dealtry,K,PhotoGraph
472,Heida,Snowball,A,PhotoGraph
473,Debora,Roast,Q,PhotoGraph
474,Pascal,Pilley,F,PhotoGraph
475,Jeffrey,Fromont,N,PhotoGraph
476,Lynnet,Salvatore,A,PhotoGraph
477,Loutitia,Lowen,E,PhotoGraph
478,Artair,McPeeters,W,PhotoGraph
479,Delores,Lowrey,J,PhotoGraph
480,Shea,Phillipp,Q,PhotoGraph
481,Culley,Bellin,F,PhotoGraph
482,Andee,Parsell,S,PhotoGraph
483,Eduino,Circuit,N,PhotoGraph
484,Mikkel,Pena,E,PhotoGraph
485,Shaina,Davidai,F,PhotoGraph
486,Hanny,Gollin,H,PhotoGraph
487,Ciro,Milesap,Q,PhotoGraph
488,Alonzo,Mellenby,M,PhotoGraph
489,Lidia,Brawson,G,PhotoGraph
490,Bernhard,Edser,L,PhotoGraph
491,Devlin,Killcross,A,PhotoGraph
492,Darrick,Wolton,J,PhotoGraph
493,Alta,Pargetter,E,PhotoGraph
494,Rahel,Macoun,D,PhotoGraph
495,Alyse,Prangley,M,PhotoGraph
496,Valenka,Kuschke,W,PhotoGraph
497,Pearl,Skelcher,S,PhotoGraph
498,Marcie,Barette,N,PhotoGraph
499,Byrle,Ajam,S,PhotoGraph
500,Jemie,McCarlie,N,PhotoGraph
501,Cindi,Llewellin,O,PhotoGraph
502,Cassandry,Gimson,F,PhotoGraph
503,Hakim,Rickeard,Z,PhotoGraph
504,Kaycee,Bramall,X,PhotoGraph
505,Kendell,Scrivens,T,PhotoGraph
506,Mahmud,Partridge,N,PhotoGraph
507,Uri,Rambaut,Q,PhotoGraph
508,Netty,Lowmass,A,PhotoGraph
509,Alf,Bodesson,U,PhotoGraph
510,Baillie,MacClenan,M,PhotoGraph
511,Garik,Campa,E,PhotoGraph
512,Damiano,Ardling,S,PhotoGraph
513,Alethea,MacCostigan,C,PhotoGraph
514,Sally,Smaleman,F,PhotoGraph
515,Dominique,Lempel,D,PhotoGraph
516,Dino,Parham,N,PhotoGraph
517,Leora,Tweddle,G,PhotoGraph
518,Stirling,Fallowes,I,PhotoGraph
519,Karin,Lancett,H,PhotoGraph
520,Brocky,Corrao,N,PhotoGraph
521,Freemon,Matyugin,A,PhotoGraph
522,Lind,Lukacs,J,PhotoGraph
523,Mattias,Napoleon,U,PhotoGraph
524,Gabriellia,McArdell,K,PhotoGraph
525,Jorrie,Conniam,C,PhotoGraph
526,Hyacintha,Heakins,U,PhotoGraph
527,Lorin,Iddons,Z,PhotoGraph
528,Waldemar,Baniard,C,PhotoGraph
529,Read,Winman,Z,PhotoGraph
530,Filippo,Kohlerman,W,PhotoGraph
531,Susie,Dunsmore,W,PhotoGraph
532,Clarita,Pieracci,U,PhotoGraph
533,Sully,Scamel,I,PhotoGraph
534,Marji,Bagg,G,PhotoGraph
535,Nessi,Hofler,K,PhotoGraph
536,Tamqrah,Cherm,O,PhotoGraph
537,Josh,Josskowitz,R,PhotoGraph
538,Bank,Moye,S,PhotoGraph
539,Dionysus,Antoons,T,PhotoGraph
540,Marilyn,Cremin,G,PhotoGraph
541,Dionisio,Savidge,I,PhotoGraph
542,Jordan,Guidera,V,PhotoGraph
543,Jesselyn,Walkden,T,PhotoGraph
544,Marlow,Fussey,I,PhotoGraph
545,Krisha,Kohneke,C,PhotoGraph
546,Celestia,Devonside,B,PhotoGraph
547,Lauren,Davidwitz,G,PhotoGraph
548,Starr,Scotchmur,Z,PhotoGraph
549,Kip,Studman,K,PhotoGraph
550,Faulkner,Figger,C,PhotoGraph
551,Irma,Lys,K,PhotoGraph
552,Brittney,Flea,S,PhotoGraph
553,Thomasin,Lammerich,X,PhotoGraph
554,Frederic,Riseley,L,PhotoGraph
555,Marietta,Restall,A,PhotoGraph
556,Glenine,Broadbear,H,PhotoGraph
557,Rozella,Barbera,O,PhotoGraph
558,Siward,Vasiljevic,C,PhotoGraph
559,Bibby,Giddins,W,PhotoGraph
560,Alice,Aitchinson,E,PhotoGraph
561,Niel,Starrs,F,PhotoGraph
562,Rudiger,Maryott,E,PhotoGraph
563,Dieter,Keysall,P,PhotoGraph
564,Lanna,Lealle,T,PhotoGraph
565,Annetta,Theuff,S,PhotoGraph
566,Rolfe,Meiklem,A,PhotoGraph
567,Lyndsey,Shakle,N,PhotoGraph
568,Lon,Stutard,I,PhotoGraph
569,Emyle,Catling,F,PhotoGraph
570,Sayer,Cottem,C,PhotoGraph
571,Daren,Cestard,R,PhotoGraph
572,Elvis,Gallatly,R,PhotoGraph
573,Vikki,Masey,O,PhotoGraph
574,Ashia,Olifard,Q,PhotoGraph
575,Cortie,Lamplugh,L,PhotoGraph
576,Sheba,Vasovic,G,PhotoGraph
577,Vanya,Poulson,A,PhotoGraph
578,Lorianna,Iskow,D,PhotoGraph
579,Shawnee,Stormes,V,PhotoGraph
580,Lacey,Ayliffe,Q,PhotoGraph
581,Reg,Franzetti,O,PhotoGraph
582,Brandie,Stoaks,E,PhotoGraph
583,Essa,Catanheira,Q,PhotoGraph
584,Dionisio,Sowrah,N,PhotoGraph
585,Merrel,Reedy,T,PhotoGraph
586,Carrol,Brocking,D,PhotoGraph
587,Cherey,Cornell,Q,PhotoGraph
588,Ivar,Raselles,M,PhotoGraph
589,Farlie,Skip,F,PhotoGraph
590,Edan,Crossan,Y,PhotoGraph
591,Latrina,Sharpe,D,PhotoGraph
592,Cilka,Wrightim,Z,PhotoGraph
593,Laurens,Allardyce,S,PhotoGraph
594,Betti,de Broke,K,PhotoGraph
595,Ayn,Martinson,Y,PhotoGraph
596,Norry,Noseworthy,C,PhotoGraph
597,Stillmann,Hartnell,G,PhotoGraph
598,Leigh,Mosson,R,PhotoGraph
599,Dulciana,Jesson,D,PhotoGraph
600,Ambrose,Flockhart,U,PhotoGraph
601,Helyn,Spinelli,V,PhotoGraph
602,Deena,Pawlett,N,PhotoGraph
603,Rollo,Serot,U,PhotoGraph
604,Spencer,Perkin,N,PhotoGraph
605,Milka,Deverale,H,PhotoGraph
606,Tanhya,Sidnell,J,PhotoGraph
607,Marja,Allery,I,PhotoGraph
608,Angie,Lapwood,X,PhotoGraph
609,Saba,Girvan,I,PhotoGraph
610,Joel,Corney,X,PhotoGraph
611,Fran,Penquet,Q,PhotoGraph
612,Amos,Jubert,P,PhotoGraph
613,Dacey,Wolton,N,PhotoGraph
614,Claretta,Vautin,U,PhotoGraph
615,Uri,Ellif,E,PhotoGraph
616,Oliviero,Schrei,M,PhotoGraph
617,Mil,Steeden,G,PhotoGraph
618,Dari,Colcutt,C,PhotoGraph
619,Felisha,Lynskey,P,PhotoGraph
620,Warde,Skeen,Z,PhotoGraph
621,Findley,Johnston,C,PhotoGraph
622,Langston,Shynn,O,PhotoGraph
623,Bunny,Littledyke,U,PhotoGraph
624,Ario,Attenbarrow,K,PhotoGraph
625,Kristy,Steet,A,PhotoGraph
626,Giselbert,Dewicke,B,PhotoGraph
627,Vassili,Meaton,K,PhotoGraph
628,Broddie,McFaell,V,PhotoGraph
629,Anna-maria,Wisniowski,E,PhotoGraph
630,Darin,Bare,R,PhotoGraph
631,Tallie,Merricks,M,PhotoGraph
632,Gianna,Maliphant,K,PhotoGraph
633,Gaynor,Popworth,S,PhotoGraph
634,Minetta,Ishchenko,V,PhotoGraph
635,Leonie,Whalley,B,PhotoGraph
636,Frederigo,Probbin,X,PhotoGraph
637,Leo,Breckin,T,PhotoGraph
638,Suzette,Featenby,Q,PhotoGraph
639,Meris,Blacklawe,K,PhotoGraph
640,Debby,Besant,L,PhotoGraph
641,Nanny,Eaglesham,Q,PhotoGraph
642,Tomasina,Costell,O,PhotoGraph
643,Karin,Nelmes,V,PhotoGraph
644,Giles,Lettsom,I,PhotoGraph
645,Ashlan,Bafford,E,PhotoGraph
646,Stanwood,Whitebrook,Y,PhotoGraph
647,Reuven,Jori,M,PhotoGraph
648,Bridgette,Scurry,F,PhotoGraph
649,Darryl,Blyth,G,PhotoGraph
650,Tybie,Spini,J,PhotoGraph
651,Marje,Trase,Q,PhotoGraph
652,Rebecca,Abdee,K,PhotoGraph
653,Duncan,Sproul,O,PhotoGraph
654,Timmie,Emmanuel,W,PhotoGraph
655,Verine,Jakubovitch,S,PhotoGraph
656,Fonsie,Castagnasso,Q,PhotoGraph
657,Barbra,Blenkensop,R,PhotoGraph
658,Rollo,Zupa,C,PhotoGraph
659,Paten,Liddall,X,PhotoGraph
660,Grannie,Martignoni,W,PhotoGraph
661,Kerrin,Hacon,H,PhotoGraph
662,Alano,Danieli,S,PhotoGraph
663,Melly,Ebbin,K,PhotoGraph
664,Dewie,Flawn,M,PhotoGraph
665,Catlee,Trawin,F,PhotoGraph
666,Guglielmo,Whitlow,U,PhotoGraph
667,Meier,Lorentzen,X,PhotoGraph
668,Oriana,Rounding,U,PhotoGraph
669,Keelby,Galloway,C,PhotoGraph
670,Ravi,Treble,R,PhotoGraph
671,Gage,McWhinnie,R,PhotoGraph
672,Nevil,Wetter,S,PhotoGraph
673,Doloritas,Ravilious,E,PhotoGraph
674,Philippine,Johncey,X,PhotoGraph
675,Arvin,Fever,I,PhotoGraph
676,Tiffany,Eglinton,A,PhotoGraph
677,Tracee,Eborall,M,PhotoGraph
678,Tracy,Tregidga,I,PhotoGraph
679,Arvy,Vannar,L,PhotoGraph
680,Robbin,Christoffels,Z,PhotoGraph
681,Karine,Wines,A,PhotoGraph
682,Roslyn,Karolovsky,Z,PhotoGraph
683,Gusty,Ayto,B,PhotoGraph
684,Adah,Killingbeck,V,PhotoGraph
685,Roberta,Kulas,S,PhotoGraph
686,Jody,Cowgill,B,PhotoGraph
687,Clarie,Robrow,V,PhotoGraph
688,Alick,Berndtssen,A,PhotoGraph
689,Ambrosio,Corson,E,PhotoGraph
690,Enrica,Gitting,I,PhotoGraph
691,Noah,Wahncke,L,PhotoGraph
692,Gus,O'Currigan,H,PhotoGraph
693,Sonnnie,Gibbens,L,PhotoGraph
694,Harbert,Lenin,J,PhotoGraph
695,Allegra,Rarity,T,PhotoGraph
696,Celestyn,Hush,R,PhotoGraph
697,Yettie,Culverhouse,K,PhotoGraph
698,Travers,Benson,D,PhotoGraph
699,Stu,Haresign,N,PhotoGraph
700,Phylys,Hussell,K,PhotoGraph
701,Court,Pizzey,D,PhotoGraph
702,Martie,Mably,W,PhotoGraph
703,Lark,Cuddihy,A,PhotoGraph
704,Valentine,Ingon,B,PhotoGraph
705,Byron,Williams,V,PhotoGraph
706,Ingamar,Vettore,L,PhotoGraph
707,Stanislaw,Lensch,N,PhotoGraph
708,Romain,Grayston,M,PhotoGraph
709,Mufinella,Vautier,O,PhotoGraph
710,Lilas,Aldus,G,PhotoGraph
711,Mandel,Hartas,C,PhotoGraph
712,Loralee,Brisset,D,PhotoGraph
713,Gherardo,Jehu,C,PhotoGraph
714,Ludvig,O'Criane,R,PhotoGraph
715,Towny,Barajas,J,PhotoGraph
716,Winni,Howship,B,PhotoGraph
717,Gardener,Leggon,X,PhotoGraph
718,Fair,Cassidy,D,PhotoGraph
719,Elvin,Kingsley,C,PhotoGraph
720,Levon,Drioli,X,PhotoGraph
721,Cary,Pally,W,PhotoGraph
722,Dynah,Rizzotto,Q,PhotoGraph
723,Aileen,Lamasna,J,PhotoGraph
724,Koralle,Folley,W,PhotoGraph
725,Antony,Cazin,J,PhotoGraph
726,Godfrey,Jertz,N,PhotoGraph
727,Amata,Minghi,R,PhotoGraph
728,Kettie,Fardon,A,PhotoGraph
729,Zackariah,Kilgour,V,PhotoGraph
730,Fitz,Isacq,L,PhotoGraph
731,Aubrey,Sidlow,V,PhotoGraph
732,Mirella,Cottie,T,PhotoGraph
733,Michaeline,De Launde,X,PhotoGraph
734,Elsinore,Bridgman,A,PhotoGraph
735,Creigh,Boullen,U,PhotoGraph
736,Sheena,Leithgoe,R,PhotoGraph
737,Christiana,Bruggeman,M,PhotoGraph
738,Lurlene,Tuhy,K,PhotoGraph
739,Letty,Heinssen,A,PhotoGraph
740,Burt,Stryde,R,PhotoGraph
741,Barbabra,Bamell,H,PhotoGraph
742,Lelia,Edmans,U,PhotoGraph
743,Daryn,Work,M,PhotoGraph
744,Kattie,Hornung,Z,PhotoGraph
745,Cornie,Savell,G,PhotoGraph
746,Saunders,Baudasso,K,PhotoGraph
747,Ramsey,Chretien,H,PhotoGraph
748,Ashby,McIlheran,G,PhotoGraph
749,Say,Nulty,H,PhotoGraph
750,Rodolfo,Milesop,J,PhotoGraph
751,Linnell,Emlin,T,PhotoGraph
752,Stormy,Jedraszek,A,PhotoGraph
753,Iolanthe,Buxam,M,PhotoGraph
754,Margo,Waight,R,PhotoGraph
755,Jillian,Sibborn,Z,PhotoGraph
756,Gusty,Sanford,W,PhotoGraph
757,Vikki,Curling,L,PhotoGraph
758,Amaleta,Starzaker,Z,PhotoGraph
759,Etta,Jacobssen,I,PhotoGraph
760,Lezlie,Bubbear,S,PhotoGraph
761,Jo,Banishevitz,Z,PhotoGraph
762,Marita,Elion,K,PhotoGraph
763,Jon,Worrill,H,PhotoGraph
764,Maisie,Joiris,L,PhotoGraph
765,Carolina,McClaughlin,W,PhotoGraph
766,Jazmin,Danielis,Z,PhotoGraph
767,Letitia,Yewdall,S,PhotoGraph
768,Maynord,Uccello,X,PhotoGraph
769,Lauralee,Bremner,B,PhotoGraph
770,Broderick,Whatman,W,PhotoGraph
771,Simone,Ivel,U,PhotoGraph
772,Joellyn,Sherrum,Q,PhotoGraph
773,Hubie,Archibald,U,PhotoGraph
774,Cherie,Atwool,G,PhotoGraph
775,Heath,Kase,Q,PhotoGraph
776,Lissa,Bunclark,N,PhotoGraph
777,Isa,Jansey,X,PhotoGraph
778,Katleen,Abbyss,D,PhotoGraph
779,Alexandrina,Heads,S,PhotoGraph
780,Bernardo,Mallabon,A,PhotoGraph
781,Mel,Wegener,M,PhotoGraph
782,Jason,Snarr,I,PhotoGraph
783,Laurianne,Mullins,E,PhotoGraph
784,Leesa,Dallmann,B,PhotoGraph
785,Felike,Persian,Z,PhotoGraph
786,Frazer,Lewnden,L,PhotoGraph
787,Tiler,Lennox,G,PhotoGraph
788,Marinna,Sturman,O,PhotoGraph
789,Josie,O' Hern,R,PhotoGraph
790,Thornton,Van Velden,R,PhotoGraph
791,Jess,Bizzey,E,PhotoGraph
792,Edgar,Shalloe,B,PhotoGraph
793,Alyce,Bickerdike,W,PhotoGraph
794,Carmelina,Surgeoner,F,PhotoGraph
795,Hieronymus,Walshe,U,PhotoGraph
796,Sammy,Currum,X,PhotoGraph
797,Dun,Stanborough,G,PhotoGraph
798,Brnaba,Niblett,B,PhotoGraph
799,Jon,Pettit,F,PhotoGraph
800,Deb,Bartolomeoni,V,PhotoGraph
801,Xymenes,Payn,B,PhotoGraph
802,Con,Crips,N,PhotoGraph
803,Jillene,Cromarty,I,PhotoGraph
804,Barny,Tookill,V,PhotoGraph
805,Lyndel,Scard,S,PhotoGraph
806,Hammad,Aire,R,PhotoGraph
807,Jayme,Rowston,N,PhotoGraph
808,Tisha,Bricket,J,PhotoGraph
809,Doralia,Royal,X,PhotoGraph
810,Leticia,Horstead,F,PhotoGraph
811,Clywd,Rosenfelt,T,PhotoGraph
812,Inglis,Bernon,J,PhotoGraph
813,Alonzo,Bowkley,E,PhotoGraph
814,Ewart,Sampson,L,PhotoGraph
815,Hildagard,Glaysher,X,PhotoGraph
816,Mychal,Flecknell,V,PhotoGraph
817,Suzi,Boake,H,PhotoGraph
818,Briggs,Sibthorp,S,PhotoGraph
819,Loni,Waddilove,I,PhotoGraph
820,Ladonna,Maffin,N,PhotoGraph
821,Cristina,Ruppertz,B,PhotoGraph
822,Issiah,Josselsohn,J,PhotoGraph
823,Frederik,Bellocht,L,PhotoGraph
824,Rubi,Clinnick,X,PhotoGraph
825,Donall,Momery,P,PhotoGraph
826,Wade,Marvell,W,PhotoGraph
827,Cordie,Blowfield,M,PhotoGraph
828,Constantina,Yepiskopov,I,PhotoGraph
829,Vidovik,Chad,Y,PhotoGraph
830,Rurik,Turbern,S,PhotoGraph
831,Jackson,Matusovsky,M,PhotoGraph
832,Farica,Woodhouse,U,PhotoGraph
833,Herman,Dunbabin,L,PhotoGraph
834,Ali,Reiglar,W,PhotoGraph
835,Jobi,Lavis,Y,PhotoGraph
836,Nickie,Olyfant,Z,PhotoGraph
837,Isadora,Woolliams,C,PhotoGraph
838,Faydra,Hought,M,PhotoGraph
839,Ranice,Wayt,P,PhotoGraph
840,Melosa,Comelli,H,PhotoGraph
841,Danya,Brownsell,W,PhotoGraph
842,Gae,Canfer,Q,PhotoGraph
843,Zebedee,Swanston,L,PhotoGraph
844,Carina,Gerault,T,PhotoGraph
845,Olenka,Olivera,B,PhotoGraph
846,Richart,Moisey,Z,PhotoGraph
847,Dacia,Paulillo,E,PhotoGraph
848,Merci,Grace,K,PhotoGraph
849,Rani,Vickars,P,PhotoGraph
850,Magda,Chaudron,W,PhotoGraph
851,Natty,Caldera,W,PhotoGraph
852,Nancie,Huntar,U,PhotoGraph
853,Kandace,Guerrier,C,PhotoGraph
854,Bethanne,Gilbody,O,PhotoGraph
855,Danita,Fairhurst,A,PhotoGraph
856,Dotti,Calyton,P,PhotoGraph
857,Andy,Pull,I,PhotoGraph
858,Elspeth,Forlonge,R,PhotoGraph
859,Roxana,Mannin,O,PhotoGraph
860,Bertram,Tondeur,C,PhotoGraph
861,Charissa,Lesly,B,PhotoGraph
862,Chrysler,Mingame,A,PhotoGraph
863,Benedicta,Levet,M,PhotoGraph
864,Kippie,Corington,R,PhotoGraph
865,Lanni,Jann,L,PhotoGraph
866,Joyous,Houlridge,E,PhotoGraph
867,Erik,Boshard,A,PhotoGraph
868,Charlean,Bolger,L,PhotoGraph
869,Keene,Medwell,T,PhotoGraph
870,Torey,Jasiak,S,PhotoGraph
871,Ignazio,Knight,S,PhotoGraph
872,Ardith,Labusquiere,Y,PhotoGraph
873,Lorain,Elmes,J,PhotoGraph
874,Trista,Scarre,Z,PhotoGraph
875,Joanne,Kinzel,A,PhotoGraph
876,Cletus,Itzkovsky,C,PhotoGraph
877,Kaylil,Brooks,T,PhotoGraph
878,Kaylyn,Hutten,S,PhotoGraph
879,Jaimie,Bignal,K,PhotoGraph
880,Nicolette,Reynoldson,T,PhotoGraph
881,Fons,Le Monnier,H,PhotoGraph
882,Betta,Conibear,E,PhotoGraph
883,Caralie,Conlon,L,PhotoGraph
884,Opalina,Cheater,X,PhotoGraph
885,Lammond,Delmonti,U,PhotoGraph
886,Mandel,Boddington,H,PhotoGraph
887,Jobina,Salsbury,F,PhotoGraph
888,Isabel,Mussalli,L,PhotoGraph
889,Carmelina,O'Carran,W,PhotoGraph
890,Raleigh,Anthoin,N,PhotoGraph
891,Anabella,Gillbanks,O,PhotoGraph
892,Sharona,Tinston,X,PhotoGraph
893,Sherill,Lambol,A,PhotoGraph
894,Fanchette,Rendle,V,PhotoGraph
895,Harriette,Hathorn,F,PhotoGraph
896,Hyatt,Sprankling,R,PhotoGraph
897,Alvin,Dumbar,H,PhotoGraph
898,Culver,Loweth,E,PhotoGraph
899,Clemmie,Cursons,T,PhotoGraph
900,Kitti,Filasov,W,PhotoGraph
901,Jaquelin,Rollings,V,PhotoGraph
902,Gaven,Bennough,B,PhotoGraph
903,Clemente,Mosedall,B,PhotoGraph
904,Ricky,Bransom,Q,PhotoGraph
905,Collette,Portress,R,PhotoGraph
906,Sophie,Haburne,Q,PhotoGraph
907,Drucy,Pulteneye,V,PhotoGraph
908,Aurthur,Early,S,PhotoGraph
909,Delmar,Arsnell,L,PhotoGraph
910,Claresta,Waddilow,B,PhotoGraph
911,Kerstin,Thornber,J,PhotoGraph
912,Jennee,Dargie,A,PhotoGraph
913,Casper,Losemann,Z,PhotoGraph
914,Lon,Dunican,H,PhotoGraph
915,Theresina,Bulcroft,K,PhotoGraph
916,Nolana,Ditts,N,PhotoGraph
917,Vyky,McCloughlin,R,PhotoGraph
918,Filberto,Daine,M,PhotoGraph
919,Lorelei,Enticott,L,PhotoGraph
920,Les,Bartrop,U,PhotoGraph
921,Ainsley,MacKenzie,I,PhotoGraph
922,Sofia,Peele,C,PhotoGraph
923,Lief,Cremen,I,PhotoGraph
924,Olympie,Kingaby,G,PhotoGraph
925,Pepe,Kalisch,G,PhotoGraph
926,Jenni,McConnell,A,PhotoGraph
927,Claudianus,Hukin,L,PhotoGraph
928,Bertine,Putterill,E,PhotoGraph
929,Annadiane,Rich,K,PhotoGraph
930,Thor,McCosker,L,PhotoGraph
931,Stacy,Ovesen,E,PhotoGraph
932,Anatola,Chittie,E,PhotoGraph
933,Elmer,Thatcham,Q,PhotoGraph
934,Sandye,Carik,V,PhotoGraph
935,Jedediah,Ibeson,W,PhotoGraph
936,Cornelia,Chenery,R,PhotoGraph
937,Lesley,Arblaster,P,PhotoGraph
938,Maxie,Parnell,N,PhotoGraph
939,Salomone,Nobriga,V,PhotoGraph
940,Wiatt,Aymes,E,PhotoGraph
941,Reyna,Son,X,PhotoGraph
942,Charyl,Robelin,D,PhotoGraph
943,Florian,Breznovic,P,PhotoGraph
944,Iris,Clewlowe,Q,PhotoGraph
945,Cherise,Connachan,Q,PhotoGraph
946,Woodie,Fihelly,O,PhotoGraph
947,Hatti,Normanville,X,PhotoGraph
948,Dall,Yare,O,PhotoGraph
949,Winnifred,Selwyne,T,PhotoGraph
950,Konstantin,Coverly,Q,PhotoGraph
951,Saba,Ubanks,L,PhotoGraph
952,Parke,Teacy,R,PhotoGraph
953,Georgina,Mattiello,Y,PhotoGraph
954,Kermy,Lindholm,R,PhotoGraph
955,Pen,Molson,Y,PhotoGraph
956,Wyatt,Penk,Z,PhotoGraph
957,Fonzie,De Haven,T,PhotoGraph
958,Adolpho,Libbe,K,PhotoGraph
959,Barbee,Rainy,C,PhotoGraph
960,Rudy,Elliston,X,PhotoGraph
961,Eveleen,Stieger,Y,PhotoGraph
962,Janice,Fromont,M,PhotoGraph
963,Beret,Docket,Z,PhotoGraph
964,Kahaleel,Mully,O,PhotoGraph
965,Tamiko,Gibbard,R,PhotoGraph
966,Cacilia,Guilbert,U,PhotoGraph
967,Kalindi,Falconar,V,PhotoGraph
968,Gradey,Robertacci,J,PhotoGraph
969,Hugo,Trenam,L,PhotoGraph
970,Rudolph,Chell,A,PhotoGraph
971,Georgeanna,Wiseman,Z,PhotoGraph
972,Alvin,Westley,P,PhotoGraph
973,Audrie,Dadson,E,PhotoGraph
974,Blisse,Whardley,K,PhotoGraph
975,Verge,Buckoke,O,PhotoGraph
976,Clarence,Rawles,V,PhotoGraph
977,Sean,Claydon,U,PhotoGraph
978,Blair,Sneath,E,PhotoGraph
979,Olympe,Ziebart,E,PhotoGraph
980,Patrice,Fenwick,O,PhotoGraph
981,Harlen,Ingliss,Z,PhotoGraph
982,Charo,Stonnell,D,PhotoGraph
983,Marcellus,Meo,J,PhotoGraph
984,Ranee,Aujouanet,E,PhotoGraph
985,Debbie,Storton,Z,PhotoGraph
986,Isaiah,Riccelli,B,PhotoGraph
987,Freeman,Strahan,C,PhotoGraph
988,Jaynell,Breinl,M,PhotoGraph
989,Blondell,Messager,V,PhotoGraph
990,Demetris,Bache,K,PhotoGraph
991,Molli,Swaffer,L,PhotoGraph
992,Matthaeus,Hacksby,V,PhotoGraph
993,Harcourt,Mee,F,PhotoGraph
994,Friedrich,Morais,E,PhotoGraph
995,Kelley,Aslen,B,PhotoGraph
996,Myranda,Summersby,Y,PhotoGraph
997,Reider,Corneliussen,S,PhotoGraph
998,Sascha,Fobidge,T,PhotoGraph
999,Lillis,Harold,S,PhotoGraph
1000,Meris,Goodbarr,O,PhotoGraph
